video_path,exercise,form,form_subtype,visibility,split,standardized_video_path
data/raw_videos/squat/squat_hi_01.mp4,squat,correct,none,high,train,outputs/standardized/squat/squat_hi_01.mp4
data/raw_videos/squat/squat_hi_02.mp4,squat,incorrect,knee_inward,high,train,outputs/standardized/squat/squat_hi_02.mp4
data/raw_videos/squat/squat_hi_03.mp4,squat,incorrect,back_rounding,high,test,outputs/standardized/squat/squat_hi_03.mp4
data/raw_videos/squat/squat_hi_04.mp4,squat,incorrect,forward_lean,high,val,outputs/standardized/squat/squat_hi_04.mp4
data/raw_videos/squat/squat_hi_05.mp4,squat,correct,none,high,train,outputs/standardized/squat/squat_hi_05.mp4
data/raw_videos/squat/squat_hi_06.mp4,squat,incorrect,knee_inward,high,train,outputs/standardized/squat/squat_hi_06.mp4
data/raw_videos/squat/squat_hi_07.mp4,squat,incorrect,back_rounding,high,train,outputs/standardized/squat/squat_hi_07.mp4
data/raw_videos/squat/squat_hi_08.mp4,squat,incorrect,forward_lean,high,train,outputs/standardized/squat/squat_hi_08.mp4
data/raw_videos/squat/squat_hi_09.mp4,squat,correct,none,high,train,outputs/standardized/squat/squat_hi_09.mp4
data/raw_videos/squat/squat_hi_10.mp4,squat,incorrect,knee_inward,high,train,outputs/standardized/squat/squat_hi_10.mp4
data/raw_videos/squat/squat_hi_11.mp4,squat,incorrect,back_rounding,high,train,outputs/standardized/squat/squat_hi_11.mp4
data/raw_videos/squat/squat_hi_12.mp4,squat,incorrect,forward_lean,high,train,outputs/standardized/squat/squat_hi_12.mp4
data/raw_videos/squat/squat_hi_13.mp4,squat,correct,none,high,val,outputs/standardized/squat/squat_hi_13.mp4
data/raw_videos/squat/squat_hi_14.mp4,squat,incorrect,knee_inward,high,train,outputs/standardized/squat/squat_hi_14.mp4
data/raw_videos/squat/squat_hi_15.mp4,squat,incorrect,back_rounding,high,train,outputs/standardized/squat/squat_hi_15.mp4
data/raw_videos/squat/squat_hi_16.mp4,squat,incorrect,forward_lean,high,test,outputs/standardized/squat/squat_hi_16.mp4
data/raw_videos/squat/squat_hi_17.mp4,squat,correct,none,high,train,outputs/standardized/squat/squat_hi_17.mp4
data/raw_videos/squat/squat_hi_18.mp4,squat,incorrect,knee_inward,high,train,outputs/standardized/squat/squat_hi_18.mp4
data/raw_videos/squat/squat_hi_19.mp4,squat,incorrect,back_rounding,high,train,outputs/standardized/squat/squat_hi_19.mp4
data/raw_videos/squat/squat_hi_20.mp4,squat,incorrect,forward_lean,high,train,outputs/standardized/squat/squat_hi_20.mp4
data/raw_videos/squat/squat_hi_21.mp4,squat,correct,none,high,train,outputs/standardized/squat/squat_hi_21.mp4
data/raw_videos/squat/squat_hi_22.mp4,squat,incorrect,knee_inward,high,train,outputs/standardized/squat/squat_hi_22.mp4
data/raw_videos/squat/squat_hi_23.mp4,squat,incorrect,back_rounding,high,val,outputs/standardized/squat/squat_hi_23.mp4
data/raw_videos/squat/squat_hi_24.mp4,squat,incorrect,forward_lean,high,train,outputs/standardized/squat/squat_hi_24.mp4
data/raw_videos/squat/squat_hi_25.mp4,squat,correct,none,high,train,outputs/standardized/squat/squat_hi_25.mp4
data/raw_videos/squat/squat_hi_26.mp4,squat,incorrect,knee_inward,high,train,outputs/standardized/squat/squat_hi_26.mp4
data/raw_videos/squat/squat_hi_27.mp4,squat,incorrect,back_rounding,high,train,outputs/standardized/squat/squat_hi_27.mp4
data/raw_videos/squat/squat_hi_28.mp4,squat,incorrect,forward_lean,high,train,outputs/standardized/squat/squat_hi_28.mp4
data/raw_videos/squat/squat_hi_29.mp4,squat,correct,none,high,train,outputs/standardized/squat/squat_hi_29.mp4
data/raw_videos/squat/squat_hi_30.mp4,squat,incorrect,knee_inward,high,train,outputs/standardized/squat/squat_hi_30.mp4
data/raw_videos/squat/squat_hi_31.mp4,squat,incorrect,back_rounding,high,train,outputs/standardized/squat/squat_hi_31.mp4
data/raw_videos/squat/squat_hi_32.mp4,squat,incorrect,forward_lean,high,val,outputs/standardized/squat/squat_hi_32.mp4
data/raw_videos/squat/squat_lo_01.mp4,squat,correct,none,low,test,outputs/standardized/squat/squat_lo_01.mp4
data/raw_videos/squat/squat_lo_02.mp4,squat,incorrect,knee_inward,low,train,outputs/standardized/squat/squat_lo_02.mp4
data/raw_videos/squat/squat_lo_03.mp4,squat,incorrect,back_rounding,low,train,outputs/standardized/squat/squat_lo_03.mp4
data/raw_videos/squat/squat_lo_04.mp4,squat,incorrect,forward_lean,low,train,outputs/standardized/squat/squat_lo_04.mp4
data/raw_videos/squat/squat_lo_05.mp4,squat,correct,none,low,train,outputs/standardized/squat/squat_lo_05.mp4
data/raw_videos/squat/squat_lo_06.mp4,squat,incorrect,knee_inward,low,train,outputs/standardized/squat/squat_lo_06.mp4
data/raw_videos/squat/squat_lo_07.mp4,squat,incorrect,back_rounding,low,train,outputs/standardized/squat/squat_lo_07.mp4
data/raw_videos/squat/squat_lo_08.mp4,squat,incorrect,forward_lean,low,train,outputs/standardized/squat/squat_lo_08.mp4
data/raw_videos/squat/squat_lo_09.mp4,squat,correct,none,low,train,outputs/standardized/squat/squat_lo_09.mp4
data/raw_videos/squat/squat_lo_10.mp4,squat,incorrect,knee_inward,low,train,outputs/standardized/squat/squat_lo_10.mp4
data/raw_videos/squat/squat_lo_11.mp4,squat,incorrect,back_rounding,low,test,outputs/standardized/squat/squat_lo_11.mp4
data/raw_videos/squat/squat_lo_12.mp4,squat,incorrect,forward_lean,low,train,outputs/standardized/squat/squat_lo_12.mp4
data/raw_videos/squat/squat_lo_13.mp4,squat,correct,none,low,train,outputs/standardized/squat/squat_lo_13.mp4
data/raw_videos/squat/squat_lo_14.mp4,squat,incorrect,knee_inward,low,train,outputs/standardized/squat/squat_lo_14.mp4
data/raw_videos/squat/squat_lo_15.mp4,squat,incorrect,back_rounding,low,train,outputs/standardized/squat/squat_lo_15.mp4
data/raw_videos/squat/squat_lo_16.mp4,squat,incorrect,forward_lean,low,train,outputs/standardized/squat/squat_lo_16.mp4
data/raw_videos/squat/squat_lo_17.mp4,squat,correct,none,low,val,outputs/standardized/squat/squat_lo_17.mp4
data/raw_videos/squat/squat_lo_18.mp4,squat,incorrect,knee_inward,low,test,outputs/standardized/squat/squat_lo_18.mp4
data/raw_videos/squat/squat_lo_19.mp4,squat,incorrect,back_rounding,low,train,outputs/standardized/squat/squat_lo_19.mp4
data/raw_videos/squat/squat_lo_20.mp4,squat,incorrect,forward_lean,low,val,outputs/standardized/squat/squat_lo_20.mp4
data/raw_videos/squat/squat_lo_21.mp4,squat,correct,none,low,train,outputs/standardized/squat/squat_lo_21.mp4
data/raw_videos/squat/squat_lo_22.mp4,squat,incorrect,knee_inward,low,train,outputs/standardized/squat/squat_lo_22.mp4
data/raw_videos/squat/squat_lo_23.mp4,squat,incorrect,back_rounding,low,val,outputs/standardized/squat/squat_lo_23.mp4
data/raw_videos/squat/squat_lo_24.mp4,squat,incorrect,forward_lean,low,train,outputs/standardized/squat/squat_lo_24.mp4
data/raw_videos/squat/squat_lo_25.mp4,squat,correct,none,low,train,outputs/standardized/squat/squat_lo_25.mp4
data/raw_videos/squat/squat_lo_26.mp4,squat,incorrect,knee_inward,low,train,outputs/standardized/squat/squat_lo_26.mp4
data/raw_videos/squat/squat_lo_27.mp4,squat,incorrect,back_rounding,low,train,outputs/standardized/squat/squat_lo_27.mp4
data/raw_videos/squat/squat_lo_28.mp4,squat,incorrect,forward_lean,low,train,outputs/standardized/squat/squat_lo_28.mp4
data/raw_videos/squat/squat_lo_29.mp4,squat,correct,none,low,train,outputs/standardized/squat/squat_lo_29.mp4
data/raw_videos/squat/squat_lo_30.mp4,squat,incorrect,knee_inward,low,train,outputs/standardized/squat/squat_lo_30.mp4
data/raw_videos/squat/squat_lo_31.mp4,squat,incorrect,back_rounding,low,train,outputs/standardized/squat/squat_lo_31.mp4
data/raw_videos/squat/squat_lo_32.mp4,squat,incorrect,forward_lean,low,test,outputs/standardized/squat/squat_lo_32.mp4
data/raw_videos/deadlift/deadlift_hi_01.mp4,deadlift,correct,none,high,train,outputs/standardized/deadlift/deadlift_hi_01.mp4
data/raw_videos/deadlift/deadlift_hi_02.mp4,deadlift,incorrect,back_rounding_2,high,train,outputs/standardized/deadlift/deadlift_hi_02.mp4
data/raw_videos/deadlift/deadlift_hi_03.mp4,deadlift,incorrect,high_hips,high,val,outputs/standardized/deadlift/deadlift_hi_03.mp4
data/raw_videos/deadlift/deadlift_hi_04.mp4,deadlift,incorrect,far_bar,high,train,outputs/standardized/deadlift/deadlift_hi_04.mp4
data/raw_videos/deadlift/deadlift_hi_05.mp4,deadlift,correct,none,high,train,outputs/standardized/deadlift/deadlift_hi_05.mp4
data/raw_videos/deadlift/deadlift_hi_06.mp4,deadlift,incorrect,back_rounding_2,high,train,outputs/standardized/deadlift/deadlift_hi_06.mp4
data/raw_videos/deadlift/deadlift_hi_07.mp4,deadlift,incorrect,high_hips,high,train,outputs/standardized/deadlift/deadlift_hi_07.mp4
data/raw_videos/deadlift/deadlift_hi_08.mp4,deadlift,incorrect,far_bar,high,train,outputs/standardized/deadlift/deadlift_hi_08.mp4
data/raw_videos/deadlift/deadlift_hi_09.mp4,deadlift,correct,none,high,train,outputs/standardized/deadlift/deadlift_hi_09.mp4
data/raw_videos/deadlift/deadlift_hi_10.mp4,deadlift,incorrect,back_rounding_2,high,train,outputs/standardized/deadlift/deadlift_hi_10.mp4
data/raw_videos/deadlift/deadlift_hi_11.mp4,deadlift,incorrect,high_hips,high,train,outputs/standardized/deadlift/deadlift_hi_11.mp4
data/raw_videos/deadlift/deadlift_hi_12.mp4,deadlift,incorrect,far_bar,high,train,outputs/standardized/deadlift/deadlift_hi_12.mp4
data/raw_videos/deadlift/deadlift_hi_13.mp4,deadlift,correct,none,high,train,outputs/standardized/deadlift/deadlift_hi_13.mp4
data/raw_videos/deadlift/deadlift_hi_14.mp4,deadlift,incorrect,back_rounding_2,high,train,outputs/standardized/deadlift/deadlift_hi_14.mp4
data/raw_videos/deadlift/deadlift_hi_15.mp4,deadlift,incorrect,high_hips,high,train,outputs/standardized/deadlift/deadlift_hi_15.mp4
data/raw_videos/deadlift/deadlift_hi_16.mp4,deadlift,incorrect,far_bar,high,val,outputs/standardized/deadlift/deadlift_hi_16.mp4
data/raw_videos/deadlift/deadlift_hi_17.mp4,deadlift,correct,none,high,train,outputs/standardized/deadlift/deadlift_hi_17.mp4
data/raw_videos/deadlift/deadlift_hi_18.mp4,deadlift,incorrect,back_rounding_2,high,train,outputs/standardized/deadlift/deadlift_hi_18.mp4
data/raw_videos/deadlift/deadlift_hi_19.mp4,deadlift,incorrect,high_hips,high,train,outputs/standardized/deadlift/deadlift_hi_19.mp4
data/raw_videos/deadlift/deadlift_hi_20.mp4,deadlift,incorrect,far_bar,high,train,outputs/standardized/deadlift/deadlift_hi_20.mp4
data/raw_videos/deadlift/deadlift_hi_21.mp4,deadlift,correct,none,high,train,outputs/standardized/deadlift/deadlift_hi_21.mp4
data/raw_videos/deadlift/deadlift_hi_22.mp4,deadlift,incorrect,back_rounding_2,high,train,outputs/standardized/deadlift/deadlift_hi_22.mp4
data/raw_videos/deadlift/deadlift_hi_23.mp4,deadlift,incorrect,high_hips,high,train,outputs/standardized/deadlift/deadlift_hi_23.mp4
data/raw_videos/deadlift/deadlift_hi_24.mp4,deadlift,incorrect,far_bar,high,train,outputs/standardized/deadlift/deadlift_hi_24.mp4
data/raw_videos/deadlift/deadlift_hi_25.mp4,deadlift,correct,none,high,train,outputs/standardized/deadlift/deadlift_hi_25.mp4
data/raw_videos/deadlift/deadlift_hi_26.mp4,deadlift,incorrect,back_rounding_2,high,train,outputs/standardized/deadlift/deadlift_hi_26.mp4
data/raw_videos/deadlift/deadlift_hi_27.mp4,deadlift,incorrect,high_hips,high,train,outputs/standardized/deadlift/deadlift_hi_27.mp4
data/raw_videos/deadlift/deadlift_hi_28.mp4,deadlift,incorrect,far_bar,high,test,outputs/standardized/deadlift/deadlift_hi_28.mp4
data/raw_videos/deadlift/deadlift_hi_29.mp4,deadlift,correct,none,high,train,outputs/standardized/deadlift/deadlift_hi_29.mp4
data/raw_videos/deadlift/deadlift_hi_30.mp4,deadlift,incorrect,back_rounding_2,high,train,outputs/standardized/deadlift/deadlift_hi_30.mp4
data/raw_videos/deadlift/deadlift_hi_31.mp4,deadlift,incorrect,high_hips,high,train,outputs/standardized/deadlift/deadlift_hi_31.mp4
data/raw_videos/deadlift/deadlift_hi_32.mp4,deadlift,incorrect,far_bar,high,test,outputs/standardized/deadlift/deadlift_hi_32.mp4
data/raw_videos/deadlift/deadlift_lo_01.mp4,deadlift,correct,none,low,train,outputs/standardized/deadlift/deadlift_lo_01.mp4
data/raw_videos/deadlift/deadlift_lo_02.mp4,deadlift,incorrect,back_rounding_2,low,train,outputs/standardized/deadlift/deadlift_lo_02.mp4
data/raw_videos/deadlift/deadlift_lo_03.mp4,deadlift,incorrect,high_hips,low,train,outputs/standardized/deadlift/deadlift_lo_03.mp4
data/raw_videos/deadlift/deadlift_lo_04.mp4,deadlift,incorrect,far_bar,low,train,outputs/standardized/deadlift/deadlift_lo_04.mp4
data/raw_videos/deadlift/deadlift_lo_05.mp4,deadlift,correct,none,low,train,outputs/standardized/deadlift/deadlift_lo_05.mp4
data/raw_videos/deadlift/deadlift_lo_06.mp4,deadlift,incorrect,back_rounding_2,low,train,outputs/standardized/deadlift/deadlift_lo_06.mp4
data/raw_videos/deadlift/deadlift_lo_07.mp4,deadlift,incorrect,high_hips,low,train,outputs/standardized/deadlift/deadlift_lo_07.mp4
data/raw_videos/deadlift/deadlift_lo_08.mp4,deadlift,incorrect,far_bar,low,val,outputs/standardized/deadlift/deadlift_lo_08.mp4
data/raw_videos/deadlift/deadlift_lo_09.mp4,deadlift,correct,none,low,val,outputs/standardized/deadlift/deadlift_lo_09.mp4
data/raw_videos/deadlift/deadlift_lo_10.mp4,deadlift,incorrect,back_rounding_2,low,train,outputs/standardized/deadlift/deadlift_lo_10.mp4
data/raw_videos/deadlift/deadlift_lo_11.mp4,deadlift,incorrect,high_hips,low,train,outputs/standardized/deadlift/deadlift_lo_11.mp4
data/raw_videos/deadlift/deadlift_lo_12.mp4,deadlift,incorrect,far_bar,low,test,outputs/standardized/deadlift/deadlift_lo_12.mp4
data/raw_videos/deadlift/deadlift_lo_13.mp4,deadlift,correct,none,low,train,outputs/standardized/deadlift/deadlift_lo_13.mp4
data/raw_videos/deadlift/deadlift_lo_14.mp4,deadlift,incorrect,back_rounding_2,low,train,outputs/standardized/deadlift/deadlift_lo_14.mp4
data/raw_videos/deadlift/deadlift_lo_15.mp4,deadlift,incorrect,high_hips,low,train,outputs/standardized/deadlift/deadlift_lo_15.mp4
data/raw_videos/deadlift/deadlift_lo_16.mp4,deadlift,incorrect,far_bar,low,train,outputs/standardized/deadlift/deadlift_lo_16.mp4
data/raw_videos/deadlift/deadlift_lo_17.mp4,deadlift,correct,none,low,val,outputs/standardized/deadlift/deadlift_lo_17.mp4
data/raw_videos/deadlift/deadlift_lo_18.mp4,deadlift,incorrect,back_rounding_2,low,train,outputs/standardized/deadlift/deadlift_lo_18.mp4
data/raw_videos/deadlift/deadlift_lo_19.mp4,deadlift,incorrect,high_hips,low,val,outputs/standardized/deadlift/deadlift_lo_19.mp4
data/raw_videos/deadlift/deadlift_lo_20.mp4,deadlift,incorrect,far_bar,low,train,outputs/standardized/deadlift/deadlift_lo_20.mp4
data/raw_videos/deadlift/deadlift_lo_21.mp4,deadlift,correct,none,low,train,outputs/standardized/deadlift/deadlift_lo_21.mp4
data/raw_videos/deadlift/deadlift_lo_22.mp4,deadlift,incorrect,back_rounding_2,low,train,outputs/standardized/deadlift/deadlift_lo_22.mp4
data/raw_videos/deadlift/deadlift_lo_23.mp4,deadlift,incorrect,high_hips,low,train,outputs/standardized/deadlift/deadlift_lo_23.mp4
data/raw_videos/deadlift/deadlift_lo_24.mp4,deadlift,incorrect,far_bar,low,train,outputs/standardized/deadlift/deadlift_lo_24.mp4
data/raw_videos/deadlift/deadlift_lo_25.mp4,deadlift,correct,none,low,test,outputs/standardized/deadlift/deadlift_lo_25.mp4
data/raw_videos/deadlift/deadlift_lo_26.mp4,deadlift,incorrect,back_rounding_2,low,train,outputs/standardized/deadlift/deadlift_lo_26.mp4
data/raw_videos/deadlift/deadlift_lo_27.mp4,deadlift,incorrect,high_hips,low,val,outputs/standardized/deadlift/deadlift_lo_27.mp4
data/raw_videos/deadlift/deadlift_lo_28.mp4,deadlift,incorrect,far_bar,low,train,outputs/standardized/deadlift/deadlift_lo_28.mp4
data/raw_videos/deadlift/deadlift_lo_29.mp4,deadlift,correct,none,low,train,outputs/standardized/deadlift/deadlift_lo_29.mp4
data/raw_videos/deadlift/deadlift_lo_30.mp4,deadlift,incorrect,back_rounding_2,low,train,outputs/standardized/deadlift/deadlift_lo_30.mp4
data/raw_videos/deadlift/deadlift_lo_31.mp4,deadlift,incorrect,high_hips,low,train,outputs/standardized/deadlift/deadlift_lo_31.mp4
data/raw_videos/deadlift/deadlift_lo_32.mp4,deadlift,incorrect,far_bar,low,test,outputs/standardized/deadlift/deadlift_lo_32.mp4
data/raw_videos/lunge/lunge_hi_01.mp4,lunge,correct,none,high,train,outputs/standardized/lunge/lunge_hi_01.mp4
data/raw_videos/lunge/lunge_hi_02.mp4,lunge,incorrect,knee_collapse,high,train,outputs/standardized/lunge/lunge_hi_02.mp4
data/raw_videos/lunge/lunge_hi_03.mp4,lunge,incorrect,forward_lean_2,high,train,outputs/standardized/lunge/lunge_hi_03.mp4
data/raw_videos/lunge/lunge_hi_04.mp4,lunge,incorrect,short_step,high,train,outputs/standardized/lunge/lunge_hi_04.mp4
data/raw_videos/lunge/lunge_hi_05.mp4,lunge,correct,none,high,val,outputs/standardized/lunge/lunge_hi_05.mp4
data/raw_videos/lunge/lunge_hi_06.mp4,lunge,incorrect,knee_collapse,high,test,outputs/standardized/lunge/lunge_hi_06.mp4
data/raw_videos/lunge/lunge_hi_07.mp4,lunge,incorrect,forward_lean_2,high,train,outputs/standardized/lunge/lunge_hi_07.mp4
data/raw_videos/lunge/lunge_hi_08.mp4,lunge,incorrect,short_step,high,train,outputs/standardized/lunge/lunge_hi_08.mp4
data/raw_videos/lunge/lunge_hi_09.mp4,lunge,correct,none,high,train,outputs/standardized/lunge/lunge_hi_09.mp4
data/raw_videos/lunge/lunge_hi_10.mp4,lunge,incorrect,knee_collapse,high,train,outputs/standardized/lunge/lunge_hi_10.mp4
data/raw_videos/lunge/lunge_hi_11.mp4,lunge,incorrect,forward_lean_2,high,val,outputs/standardized/lunge/lunge_hi_11.mp4
data/raw_videos/lunge/lunge_hi_12.mp4,lunge,incorrect,short_step,high,train,outputs/standardized/lunge/lunge_hi_12.mp4
data/raw_videos/lunge/lunge_hi_13.mp4,lunge,correct,none,high,train,outputs/standardized/lunge/lunge_hi_13.mp4
data/raw_videos/lunge/lunge_hi_14.mp4,lunge,incorrect,knee_collapse,high,train,outputs/standardized/lunge/lunge_hi_14.mp4
data/raw_videos/lunge/lunge_hi_15.mp4,lunge,incorrect,forward_lean_2,high,train,outputs/standardized/lunge/lunge_hi_15.mp4
data/raw_videos/lunge/lunge_hi_16.mp4,lunge,incorrect,short_step,high,train,outputs/standardized/lunge/lunge_hi_16.mp4
data/raw_videos/lunge/lunge_lo_01.mp4,lunge,correct,none,low,train,outputs/standardized/lunge/lunge_lo_01.mp4
data/raw_videos/lunge/lunge_lo_02.mp4,lunge,incorrect,knee_collapse,low,train,outputs/standardized/lunge/lunge_lo_02.mp4
data/raw_videos/lunge/lunge_lo_03.mp4,lunge,incorrect,forward_lean_2,low,test,outputs/standardized/lunge/lunge_lo_03.mp4
data/raw_videos/lunge/lunge_lo_04.mp4,lunge,incorrect,short_step,low,val,outputs/standardized/lunge/lunge_lo_04.mp4
data/raw_videos/lunge/lunge_lo_05.mp4,lunge,correct,none,low,train,outputs/standardized/lunge/lunge_lo_05.mp4
data/raw_videos/lunge/lunge_lo_06.mp4,lunge,incorrect,knee_collapse,low,test,outputs/standardized/lunge/lunge_lo_06.mp4
data/raw_videos/lunge/lunge_lo_07.mp4,lunge,incorrect,forward_lean_2,low,train,outputs/standardized/lunge/lunge_lo_07.mp4
data/raw_videos/lunge/lunge_lo_08.mp4,lunge,incorrect,short_step,low,train,outputs/standardized/lunge/lunge_lo_08.mp4
data/raw_videos/lunge/lunge_lo_09.mp4,lunge,correct,none,low,test,outputs/standardized/lunge/lunge_lo_09.mp4
data/raw_videos/lunge/lunge_lo_10.mp4,lunge,incorrect,knee_collapse,low,train,outputs/standardized/lunge/lunge_lo_10.mp4
data/raw_videos/lunge/lunge_lo_11.mp4,lunge,incorrect,forward_lean_2,low,train,outputs/standardized/lunge/lunge_lo_11.mp4
data/raw_videos/lunge/lunge_lo_12.mp4,lunge,incorrect,short_step,low,train,outputs/standardized/lunge/lunge_lo_12.mp4
data/raw_videos/lunge/lunge_lo_13.mp4,lunge,correct,none,low,train,outputs/standardized/lunge/lunge_lo_13.mp4
data/raw_videos/lunge/lunge_lo_14.mp4,lunge,incorrect,knee_collapse,low,train,outputs/standardized/lunge/lunge_lo_14.mp4
data/raw_videos/lunge/lunge_lo_15.mp4,lunge,incorrect,forward_lean_2,low,train,outputs/standardized/lunge/lunge_lo_15.mp4
data/raw_videos/lunge/lunge_lo_16.mp4,lunge,incorrect,short_step,low,train,outputs/standardized/lunge/lunge_lo_16.mp4
data/raw_videos/pushup/pushup_hi_01.mp4,pushup,correct,none,high,test,outputs/standardized/pushup/pushup_hi_01.mp4
data/raw_videos/pushup/pushup_hi_02.mp4,pushup,incorrect,sagging_hips,high,train,outputs/standardized/pushup/pushup_hi_02.mp4
data/raw_videos/pushup/pushup_hi_03.mp4,pushup,incorrect,flared_elbows,high,train,outputs/standardized/pushup/pushup_hi_03.mp4
data/raw_videos/pushup/pushup_hi_04.mp4,pushup,incorrect,looking_up,high,train,outputs/standardized/pushup/pushup_hi_04.mp4
data/raw_videos/pushup/pushup_hi_05.mp4,pushup,correct,none,high,train,outputs/standardized/pushup/pushup_hi_05.mp4
data/raw_videos/pushup/pushup_hi_06.mp4,pushup,incorrect,sagging_hips,high,train,outputs/standardized/pushup/pushup_hi_06.mp4
data/raw_videos/pushup/pushup_hi_07.mp4,pushup,incorrect,flared_elbows,high,train,outputs/standardized/pushup/pushup_hi_07.mp4
data/raw_videos/pushup/pushup_hi_08.mp4,pushup,incorrect,looking_up,high,train,outputs/standardized/pushup/pushup_hi_08.mp4
data/raw_videos/pushup/pushup_hi_09.mp4,pushup,correct,none,high,val,outputs/standardized/pushup/pushup_hi_09.mp4
data/raw_videos/pushup/pushup_hi_10.mp4,pushup,incorrect,sagging_hips,high,val,outputs/standardized/pushup/pushup_hi_10.mp4
data/raw_videos/pushup/pushup_hi_11.mp4,pushup,incorrect,flared_elbows,high,train,outputs/standardized/pushup/pushup_hi_11.mp4
data/raw_videos/pushup/pushup_hi_12.mp4,pushup,incorrect,looking_up,high,val,outputs/standardized/pushup/pushup_hi_12.mp4
data/raw_videos/pushup/pushup_hi_13.mp4,pushup,correct,none,high,train,outputs/standardized/pushup/pushup_hi_13.mp4
data/raw_videos/pushup/pushup_hi_14.mp4,pushup,incorrect,sagging_hips,high,test,outputs/standardized/pushup/pushup_hi_14.mp4
data/raw_videos/pushup/pushup_hi_15.mp4,pushup,incorrect,flared_elbows,high,train,outputs/standardized/pushup/pushup_hi_15.mp4
data/raw_videos/pushup/pushup_hi_16.mp4,pushup,incorrect,looking_up,high,train,outputs/standardized/pushup/pushup_hi_16.mp4
data/raw_videos/pushup/pushup_lo_01.mp4,pushup,correct,none,low,train,outputs/standardized/pushup/pushup_lo_01.mp4
data/raw_videos/pushup/pushup_lo_02.mp4,pushup,incorrect,sagging_hips,low,train,outputs/standardized/pushup/pushup_lo_02.mp4
data/raw_videos/pushup/pushup_lo_03.mp4,pushup,incorrect,flared_elbows,low,train,outputs/standardized/pushup/pushup_lo_03.mp4
data/raw_videos/pushup/pushup_lo_04.mp4,pushup,incorrect,looking_up,low,train,outputs/standardized/pushup/pushup_lo_04.mp4
data/raw_videos/pushup/pushup_lo_05.mp4,pushup,correct,none,low,train,outputs/standardized/pushup/pushup_lo_05.mp4
data/raw_videos/pushup/pushup_lo_06.mp4,pushup,incorrect,sagging_hips,low,train,outputs/standardized/pushup/pushup_lo_06.mp4
data/raw_videos/pushup/pushup_lo_07.mp4,pushup,incorrect,flared_elbows,low,train,outputs/standardized/pushup/pushup_lo_07.mp4
data/raw_videos/pushup/pushup_lo_08.mp4,pushup,incorrect,looking_up,low,train,outputs/standardized/pushup/pushup_lo_08.mp4
data/raw_videos/pushup/pushup_lo_09.mp4,pushup,correct,none,low,train,outputs/standardized/pushup/pushup_lo_09.mp4
data/raw_videos/pushup/pushup_lo_10.mp4,pushup,incorrect,sagging_hips,low,train,outputs/standardized/pushup/pushup_lo_10.mp4
data/raw_videos/pushup/pushup_lo_11.mp4,pushup,incorrect,flared_elbows,low,train,outputs/standardized/pushup/pushup_lo_11.mp4
data/raw_videos/pushup/pushup_lo_12.mp4,pushup,incorrect,looking_up,low,train,outputs/standardized/pushup/pushup_lo_12.mp4
data/raw_videos/pushup/pushup_lo_13.mp4,pushup,correct,none,low,train,outputs/standardized/pushup/pushup_lo_13.mp4
data/raw_videos/pushup/pushup_lo_14.mp4,pushup,incorrect,sagging_hips,low,test,outputs/standardized/pushup/pushup_lo_14.mp4
data/raw_videos/pushup/pushup_lo_15.mp4,pushup,incorrect,flared_elbows,low,test,outputs/standardized/pushup/pushup_lo_15.mp4
data/raw_videos/pushup/pushup_lo_16.mp4,pushup,incorrect,looking_up,low,train,outputs/standardized/pushup/pushup_lo_16.mp4
data/raw_videos/row/row_hi_01.mp4,row,correct,none,high,val,outputs/standardized/row/row_hi_01.mp4
data/raw_videos/row/row_hi_02.mp4,row,incorrect,shrug,high,train,outputs/standardized/row/row_hi_02.mp4
data/raw_videos/row/row_hi_03.mp4,row,incorrect,no_scapular_retention,high,train,outputs/standardized/row/row_hi_03.mp4
data/raw_videos/row/row_hi_04.mp4,row,incorrect,none,high,train,outputs/standardized/row/row_hi_04.mp4
data/raw_videos/row/row_hi_05.mp4,row,correct,shrug,high,train,outputs/standardized/row/row_hi_05.mp4
data/raw_videos/row/row_hi_06.mp4,row,incorrect,no_scapular_retention,high,test,outputs/standardized/row/row_hi_06.mp4
data/raw_videos/row/row_hi_07.mp4,row,incorrect,none,high,val,outputs/standardized/row/row_hi_07.mp4
data/raw_videos/row/row_hi_08.mp4,row,incorrect,shrug,high,train,outputs/standardized/row/row_hi_08.mp4
data/raw_videos/row/row_hi_09.mp4,row,correct,no_scapular_retention,high,test,outputs/standardized/row/row_hi_09.mp4
data/raw_videos/row/row_hi_10.mp4,row,incorrect,none,high,train,outputs/standardized/row/row_hi_10.mp4
data/raw_videos/row/row_hi_11.mp4,row,incorrect,shrug,high,train,outputs/standardized/row/row_hi_11.mp4
data/raw_videos/row/row_hi_12.mp4,row,incorrect,no_scapular_retention,high,train,outputs/standardized/row/row_hi_12.mp4
data/raw_videos/row/row_hi_13.mp4,row,correct,none,high,train,outputs/standardized/row/row_hi_13.mp4
data/raw_videos/row/row_hi_14.mp4,row,incorrect,shrug,high,train,outputs/standardized/row/row_hi_14.mp4
data/raw_videos/row/row_hi_15.mp4,row,incorrect,no_scapular_retention,high,train,outputs/standardized/row/row_hi_15.mp4
data/raw_videos/row/row_hi_16.mp4,row,incorrect,none,high,train,outputs/standardized/row/row_hi_16.mp4
data/raw_videos/row/row_hi_17.mp4,row,correct,shrug,high,train,outputs/standardized/row/row_hi_17.mp4
data/raw_videos/row/row_hi_18.mp4,row,incorrect,no_scapular_retention,high,test,outputs/standardized/row/row_hi_18.mp4
data/raw_videos/row/row_hi_19.mp4,row,incorrect,none,high,train,outputs/standardized/row/row_hi_19.mp4
data/raw_videos/row/row_hi_20.mp4,row,incorrect,shrug,high,train,outputs/standardized/row/row_hi_20.mp4
data/raw_videos/row/row_hi_21.mp4,row,correct,no_scapular_retention,high,train,outputs/standardized/row/row_hi_21.mp4
data/raw_videos/row/row_hi_22.mp4,row,incorrect,none,high,train,outputs/standardized/row/row_hi_22.mp4
data/raw_videos/row/row_hi_23.mp4,row,incorrect,shrug,high,train,outputs/standardized/row/row_hi_23.mp4
data/raw_videos/row/row_hi_24.mp4,row,incorrect,no_scapular_retention,high,train,outputs/standardized/row/row_hi_24.mp4
data/raw_videos/row/row_lo_01.mp4,row,correct,none,low,train,outputs/standardized/row/row_lo_01.mp4
data/raw_videos/row/row_lo_02.mp4,row,incorrect,shrug,low,train,outputs/standardized/row/row_lo_02.mp4
data/raw_videos/row/row_lo_03.mp4,row,incorrect,no_scapular_retention,low,train,outputs/standardized/row/row_lo_03.mp4
data/raw_videos/row/row_lo_04.mp4,row,incorrect,none,low,train,outputs/standardized/row/row_lo_04.mp4
data/raw_videos/row/row_lo_05.mp4,row,correct,shrug,low,train,outputs/standardized/row/row_lo_05.mp4
data/raw_videos/row/row_lo_06.mp4,row,incorrect,no_scapular_retention,low,train,outputs/standardized/row/row_lo_06.mp4
data/raw_videos/row/row_lo_07.mp4,row,incorrect,none,low,test,outputs/standardized/row/row_lo_07.mp4
data/raw_videos/row/row_lo_08.mp4,row,incorrect,shrug,low,train,outputs/standardized/row/row_lo_08.mp4
data/raw_videos/row/row_lo_09.mp4,row,correct,no_scapular_retention,low,train,outputs/standardized/row/row_lo_09.mp4
data/raw_videos/row/row_lo_10.mp4,row,incorrect,none,low,train,outputs/standardized/row/row_lo_10.mp4
data/raw_videos/row/row_lo_11.mp4,row,incorrect,shrug,low,train,outputs/standardized/row/row_lo_11.mp4
data/raw_videos/row/row_lo_12.mp4,row,incorrect,no_scapular_retention,low,train,outputs/standardized/row/row_lo_12.mp4
data/raw_videos/row/row_lo_13.mp4,row,correct,none,low,train,outputs/standardized/row/row_lo_13.mp4
data/raw_videos/row/row_lo_14.mp4,row,incorrect,shrug,low,train,outputs/standardized/row/row_lo_14.mp4
data/raw_videos/row/row_lo_15.mp4,row,incorrect,no_scapular_retention,low,train,outputs/standardized/row/row_lo_15.mp4
data/raw_videos/row/row_lo_16.mp4,row,incorrect,none,low,val,outputs/standardized/row/row_lo_16.mp4
data/raw_videos/row/row_lo_17.mp4,row,correct,shrug,low,train,outputs/standardized/row/row_lo_17.mp4
data/raw_videos/row/row_lo_18.mp4,row,incorrect,no_scapular_retention,low,train,outputs/standardized/row/row_lo_18.mp4
data/raw_videos/row/row_lo_19.mp4,row,incorrect,none,low,val,outputs/standardized/row/row_lo_19.mp4
data/raw_videos/row/row_lo_20.mp4,row,incorrect,shrug,low,train,outputs/standardized/row/row_lo_20.mp4
data/raw_videos/row/row_lo_21.mp4,row,correct,no_scapular_retention,low,train,outputs/standardized/row/row_lo_21.mp4
data/raw_videos/row/row_lo_22.mp4,row,incorrect,none,low,train,outputs/standardized/row/row_lo_22.mp4
data/raw_videos/row/row_lo_23.mp4,row,incorrect,shrug,low,test,outputs/standardized/row/row_lo_23.mp4
data/raw_videos/row/row_lo_24.mp4,row,incorrect,no_scapular_retention,low,train,outputs/standardized/row/row_lo_24.mp4
